Timestamp,Temperature (Â°C),Humidity (%)
2024-10-03 09:31:55.092956,26.42031646154288,62.747895877870675
2024-10-03 09:46:55.092956,20.84139964995049,40.737607493764045
2024-10-03 10:01:55.092956,21.616287140946138,40.663706545869914
2024-10-03 10:16:55.092956,28.98554188527079,49.70830657448624
2024-10-03 10:31:55.092956,26.0642905965959,54.65929571213997
2024-10-03 10:46:55.092956,20.091970516166295,63.112222534233794
2024-10-03 11:01:55.092956,21.01471542866032,60.49886129819515
2024-10-03 11:16:55.092956,26.635017691080556,53.37708119130245
2024-10-03 11:31:55.092956,20.050615838462186,48.208799988449975
2024-10-03 11:46:55.092956,21.608080514174986,69.91373500473134
2024-10-03 12:01:55.092956,25.48733789366586,52.78543906707919
2024-10-03 12:16:55.092956,26.918951976926934,53.541610729890266
2024-10-03 12:31:55.092956,26.519612595026004,44.90871463575007
2024-10-03 12:46:55.092956,22.2426930946056,63.84428646249788
2024-10-03 13:01:55.092956,27.12179221347536,60.81046677344466
2024-10-03 13:16:55.092956,22.372490874968,46.62308838366281
2024-10-03 13:31:55.092956,23.253996981592678,42.47143136847528
2024-10-03 13:46:55.092956,27.46491405118024,60.41497906224139
2024-10-03 14:01:55.092956,26.496328990472147,59.63533642843406
2024-10-03 14:16:55.092956,28.49223410494178,48.19778580994628
2024-10-03 14:31:55.092956,26.576128923003434,68.5259068675123
2024-10-03 14:46:55.092956,25.683086033354716,44.531736753427005
2024-10-03 15:01:55.092956,20.936747678280923,52.97004403127806
2024-10-03 15:16:55.092956,23.677158030594335,68.30847760502797
2024-10-03 15:31:55.092956,22.652023676817254,52.59181950778367
2024-10-03 15:46:55.092956,22.439896433790835,59.15577842992256
2024-10-03 16:01:55.092956,29.730105547524456,51.92783193888383
2024-10-03 16:16:55.092956,23.930977246667602,48.2264560704601
2024-10-03 16:31:55.092956,28.920465551771134,69.51932943879484
2024-10-03 16:46:55.092956,26.31138625997263,52.28002018945129
2024-10-03 17:01:55.092956,27.948113035416483,66.82297611037403
2024-10-03 17:16:55.092956,25.026370931051922,46.89863817673259
2024-10-03 17:31:55.092956,25.76903884626359,46.3931411207525
2024-10-03 17:46:55.092956,24.92517693818864,40.93402248653534
2024-10-03 18:01:55.092956,21.952429877980446,59.550004761276554
2024-10-03 18:16:55.092956,27.224521152615054,51.05579031171283
2024-10-03 18:31:55.092956,22.80772362440856,65.93074749518911
2024-10-03 18:46:55.092956,20.24315966431454,54.19629720074671
2024-10-03 19:01:55.092956,26.454722959071677,69.04580283744166
2024-10-03 19:16:55.092956,21.77110679407049,45.565765471093634
2024-10-03 19:31:55.092956,29.40458584352914,66.05869503866832
2024-10-03 19:46:55.092956,29.539285770025874,63.297905583752254
2024-10-03 20:01:55.092956,29.148643902204483,63.127655339321564
2024-10-03 20:16:55.092956,23.701587002554444,65.34349684350663
2024-10-03 20:31:55.092956,20.154566165288674,62.830719728289964
2024-10-03 20:46:55.092956,29.283185625877252,58.78660964894246
2024-10-03 21:01:55.092956,24.281841483173142,43.93734633047163
2024-10-03 21:16:55.092956,29.666548190436696,40.975785384737556
2024-10-03 21:31:55.092956,29.636199770892528,67.6254354344706
2024-10-03 21:46:55.092956,28.530094554673603,58.499509435622144
2024-10-03 22:01:55.092956,22.944488920695857,63.89611872928529
2024-10-03 22:16:55.092956,23.85097728601925,54.4456705453765
2024-10-03 22:31:55.092956,28.51136671516857,43.51924566887183
2024-10-03 22:46:55.092956,23.169220051562775,43.755573766076516
2024-10-03 23:01:55.092956,21.694927466860925,60.566958616869144
2024-10-03 23:16:55.092956,25.568012624583503,52.90917684698388
2024-10-03 23:31:55.092956,29.361547741607808,46.0157418010101
2024-10-03 23:46:55.092956,26.960297966749728,54.74783640224311
2024-10-04 00:01:55.092956,25.70061170089365,41.92626811225402
2024-10-04 00:16:55.092956,20.971764937707686,57.45914205743196
2024-10-04 00:31:55.092956,26.1500722669917,48.06980213305293
2024-10-04 00:46:55.092956,29.900538501042632,63.92677301911564
2024-10-04 01:01:55.092956,21.40084015236524,49.31085876770722
2024-10-04 01:16:55.092956,25.183296523637367,53.656604472454035
2024-10-04 01:31:55.092956,28.773730719279556,40.34861619724302
2024-10-04 01:46:55.092956,27.407686177542043,42.17340663383676
2024-10-04 02:01:55.092956,26.97015740995268,51.77480669220054
2024-10-04 02:16:55.092956,27.024840839871093,54.39816504151371
2024-10-04 02:31:55.092956,23.59491151219755,58.00061644357911
2024-10-04 02:46:55.092956,22.935918442644933,48.7498773612791
2024-10-04 03:01:55.092956,28.093611554785134,60.849456583796275
2024-10-04 03:16:55.092956,28.10113394679181,65.80367191567613
2024-10-04 03:31:55.092956,28.670723185801037,63.3955296668005
2024-10-04 03:46:55.092956,29.132405525564714,41.18856476045072
2024-10-04 04:01:55.092956,25.113423988609377,54.41520841773487
2024-10-04 04:16:55.092956,25.015162946871996,43.147905352545244
2024-10-04 04:31:55.092956,27.98295178966775,47.26135047587582
2024-10-04 04:46:55.092956,26.499639307777652,69.59987779801439
2024-10-04 05:01:55.092956,27.019668772577035,44.2748662870454
2024-10-04 05:16:55.092956,27.95792669436101,54.966644603540686
2024-10-04 05:31:55.092956,28.900053418175663,58.54467202954358
2024-10-04 05:46:55.092956,23.37995156851536,61.07394911632312
2024-10-04 06:01:55.092956,23.755829526399438,56.78946050460742
2024-10-04 06:16:55.092956,20.93981939840869,40.29312542257551
2024-10-04 06:31:55.092956,25.782801409961742,49.79383924731975
2024-10-04 06:46:55.092956,20.35942273796742,55.53134930154134
2024-10-04 07:01:55.092956,24.6559801813246,42.635994974345
2024-10-04 07:16:55.092956,25.426446347075768,50.51880793627542
2024-10-04 07:31:55.092956,22.865412521282845,40.996093263740995
2024-10-04 07:46:55.092956,25.908332605690106,42.35735491465062
2024-10-04 08:01:55.092956,20.305002499390493,51.90769828604788
2024-10-04 08:16:55.092956,20.373481887492144,43.98147262129181
2024-10-04 08:31:55.092956,28.226005606596583,57.02622544784674
2024-10-04 08:46:55.092956,23.60190641411263,60.683949074117976
2024-10-04 09:01:55.092956,21.27060512651885,64.0176009732725
2024-10-04 09:16:55.092956,25.222432600548043,46.0045073273443
2024-10-04 09:31:55.092956,27.69993553098611,45.024477467772094
2024-10-04 09:46:55.092956,22.158210274968432,43.13703521003201
2024-10-04 10:01:55.092956,26.22890475819,59.0929074863091
2024-10-04 10:16:55.092956,20.85347464993768,61.19427179460703
2024-10-04 10:31:55.092956,20.516817211686078,40.94758434476926
2024-10-04 10:46:55.092956,25.313546315681478,68.0863673873107
2024-10-04 11:01:55.092956,25.406351216101065,41.55913850954417
2024-10-04 11:16:55.092956,26.374299014982064,56.238890059032116
2024-10-04 11:31:55.092956,27.260913337226615,61.27181558352749
2024-10-04 11:46:55.092956,29.758520794625348,66.12907371238256
2024-10-04 12:01:55.092956,25.163003483011952,61.42260796397284
2024-10-04 12:16:55.092956,23.22956472941246,64.05184249209375
2024-10-04 12:31:55.092956,27.951861947687036,50.18350577628418
2024-10-04 12:46:55.092956,22.708322512620743,64.44475341239537
2024-10-04 13:01:55.092956,24.38971420705636,42.40344539154025
2024-10-04 13:16:55.092956,20.78456381342266,66.84449968181583
2024-10-04 13:31:55.092956,20.253507434154574,56.42777128461209
2024-10-04 13:46:55.092956,29.62648414677925,64.51893309887481
2024-10-04 14:01:55.092956,28.35980120512206,53.569548535549
2024-10-04 14:16:55.092956,26.959742060936982,59.30733085589575
2024-10-04 14:31:55.092956,24.0895294441427,55.792079828083395
2024-10-04 14:46:55.092956,21.73294320070846,61.947685652659956
2024-10-04 15:01:55.092956,21.56437042671086,42.44889946091769
2024-10-04 15:16:55.092956,22.502428981645952,41.81056251971691
2024-10-04 15:31:55.092956,25.492266647061204,47.41309702030439
2024-10-04 15:46:55.092956,27.145959227000624,44.78634040339565
2024-10-04 16:01:55.092956,26.601973767177313,66.15350699776604
2024-10-04 16:16:55.092956,22.799338969459427,46.57641962074133
2024-10-04 16:31:55.092956,29.548652806631942,69.27595767457393
2024-10-04 16:46:55.092956,27.378969166957685,50.10687375313321
2024-10-04 17:01:55.092956,25.543540525114008,45.46353747066098
2024-10-04 17:16:55.092956,26.117207462343522,63.690955214274375
2024-10-04 17:31:55.092956,24.1960006242779,59.761233265026284
2024-10-04 17:46:55.092956,22.477309895011576,54.94587149359417
2024-10-04 18:01:55.092956,23.559726786512616,56.66090652812893
2024-10-04 18:16:55.092956,27.57846110464369,61.57605334816792
2024-10-04 18:31:55.092956,20.143934886297558,46.853642239938964
2024-10-04 18:46:55.092956,21.160726405069163,69.89001748170226
2024-10-04 19:01:55.092956,20.460026420217527,69.2437948644035
2024-10-04 19:16:55.092956,20.4072880231897,59.50977059040811
2024-10-04 19:31:55.092956,28.55460584011007,45.98627352787435
2024-10-04 19:46:55.092956,27.036578593800236,60.40684727293874
2024-10-04 20:01:55.092956,24.74173829087325,42.165952269375275
2024-10-04 20:16:55.092956,20.978341606510014,40.91957506617418
2024-10-04 20:31:55.092956,24.916158751168325,47.730486655336406
2024-10-04 20:46:55.092956,24.734717707805657,53.87868870217949
2024-10-04 21:01:55.092956,21.732018699100152,66.04817516225141
2024-10-04 21:16:55.092956,24.338516492379732,61.81507209298924
2024-10-04 21:31:55.092956,23.985047343973733,62.28119563599943
2024-10-04 21:46:55.092956,26.158500980522163,52.764800033442256
2024-10-04 22:01:55.092956,26.350936508676437,50.378049776408886
2024-10-04 22:16:55.092956,20.453040097720447,51.13116288953808
2024-10-04 22:31:55.092956,23.74612614626471,69.62948691208173
2024-10-04 22:46:55.092956,26.258599157142363,41.20327574237447
2024-10-04 23:01:55.092956,25.031362585800878,66.01094488367346
2024-10-04 23:16:55.092956,28.56489841188322,57.3602622571718
2024-10-04 23:31:55.092956,26.58693631618945,53.158462575687714
2024-10-04 23:46:55.092956,21.629344270814297,61.757729812454095
2024-10-05 00:01:55.092956,20.7056874740043,54.60006824274109
2024-10-05 00:16:55.092956,26.424192782063155,66.20269714244982
2024-10-05 00:31:55.092956,20.26511310541622,67.02105592033776
2024-10-05 00:46:55.092956,25.85775581273463,52.65162780620366
2024-10-05 01:01:55.092956,29.402302414249576,48.304833917051546
2024-10-05 01:16:55.092956,25.754741778758792,57.77050985780087
2024-10-05 01:31:55.092956,23.88169926206522,67.37090036850073
2024-10-05 01:46:55.092956,26.432882184423534,46.319865670169996
2024-10-05 02:01:55.092956,24.582528904915165,58.688997506904485
2024-10-05 02:16:55.092956,25.45616789315935,58.94680660277562
2024-10-05 02:31:55.092956,29.41464808776525,61.99339067245843
2024-10-05 02:46:55.092956,23.861026378007743,43.9470305538178
2024-10-05 03:01:55.092956,29.611905638239143,61.47474894046266
2024-10-05 03:16:55.092956,29.053506419560637,67.27097561996924
2024-10-05 03:31:55.092956,21.957911347892964,45.390493266107256
2024-10-05 03:46:55.092956,20.693613008751655,47.12629974771633
2024-10-05 04:01:55.092956,21.007780013774266,69.14185282124919
2024-10-05 04:16:55.092956,20.182218256515498,45.429308581284694
2024-10-05 04:31:55.092956,20.944429607559282,65.63155280108737
2024-10-05 04:46:55.092956,26.83006773416357,54.768335693441045
2024-10-05 05:01:55.092956,20.71188648460229,47.41693223209531
2024-10-05 05:16:55.092956,23.189756302937614,66.12249703817534
2024-10-05 05:31:55.092956,28.448753109694543,53.359157650079965
2024-10-05 05:46:55.092956,20.23271935735826,55.4445206178907
2024-10-05 06:01:55.092956,28.144684825889357,50.77700108199297
2024-10-05 06:16:55.092956,22.818547747733998,57.788525543047825
2024-10-05 06:31:55.092956,21.181648276216563,44.90571617755069
2024-10-05 06:46:55.092956,26.967371653641507,51.73244609955282
2024-10-05 07:01:55.092956,26.28942846779884,69.08236967005863
2024-10-05 07:16:55.092956,28.774720135270528,47.74400298103383
2024-10-05 07:31:55.092956,27.35071043803886,59.70209993623877
2024-10-05 07:46:55.092956,28.034809303848483,49.75570192674085
2024-10-05 08:01:55.092956,22.820345725713064,63.204193770598025
2024-10-05 08:16:55.092956,21.774395437797228,43.92620982155049
2024-10-05 08:31:55.092956,27.506147516408582,69.09463135235634
2024-10-05 08:46:55.092956,28.068347392672642,53.61368624150918
2024-10-05 09:01:55.092956,29.905051420006735,47.081513900393915
2024-10-05 09:16:55.092956,24.126176769114267,42.20490241990038
2024-10-05 09:31:55.092956,23.720180857927833,45.09273715262622
2024-10-05 09:46:55.092956,27.764129607419967,55.59321845668053
2024-10-05 10:01:55.092956,23.408035402530178,50.11009529293859
2024-10-05 10:16:55.092956,29.307573256035646,64.86650097647828
2024-10-05 10:31:55.092956,28.58412751843012,52.92662570985418
2024-10-05 10:46:55.092956,24.289940273750183,47.461428177628896
2024-10-05 11:01:55.092956,27.508710677914973,58.5143495981209
2024-10-05 11:16:55.092956,27.545428740846823,61.203316506563375
2024-10-05 11:31:55.092956,21.031238688359327,45.011257237028495
2024-10-05 11:46:55.092956,29.025529066795666,45.02857648864953
2024-10-05 12:01:55.092956,25.052523724478572,41.10014280800629
2024-10-05 12:16:55.092956,28.26457466107742,62.09206045196922
2024-10-05 12:31:55.092956,23.200496010306118,59.91413582865415
2024-10-05 12:46:55.092956,28.955232284962005,54.23892627249442
2024-10-05 13:01:55.092956,23.892016787341632,65.32511346907592
2024-10-05 13:16:55.092956,20.108376514802984,64.1701045885016
2024-10-05 13:31:55.092956,29.05381976419264,57.560630931902566
2024-10-05 13:46:55.092956,20.912866767861335,66.04813841539776
2024-10-05 14:01:55.092956,23.19313637590415,46.17523630110305
2024-10-05 14:16:55.092956,29.50061967050805,43.357588581931836
2024-10-05 14:31:55.092956,29.506071469375563,48.092488345509686
2024-10-05 14:46:55.092956,25.73437888123286,41.712605682679445
2024-10-05 15:01:55.092956,26.31837212169799,55.935085840030965
2024-10-05 15:16:55.092956,24.484455219783197,68.09817076884885
2024-10-05 15:31:55.092956,22.932107716980646,41.180306220055286
2024-10-05 15:46:55.092956,23.28664545369916,43.66329742030081
2024-10-05 16:01:55.092956,26.725184560770384,53.565970848503056
2024-10-05 16:16:55.092956,27.523745294376802,68.01625052583715
2024-10-05 16:31:55.092956,27.915790437258487,49.48468314930251
2024-10-05 16:46:55.092956,27.89618142794554,55.217044260651775
2024-10-05 17:01:55.092956,20.912061030486903,41.24718577151177
2024-10-05 17:16:55.092956,24.944203047025816,44.45029602886267
2024-10-05 17:31:55.092956,20.575587600166443,69.5989036887654
2024-10-05 17:46:55.092956,25.495288823237356,68.95356089308137
2024-10-05 18:01:55.092956,24.41530501373377,40.148199428032285
2024-10-05 18:16:55.092956,28.877041827583,68.55435356269717
2024-10-05 18:31:55.092956,23.509150125520787,59.17359813446501
2024-10-05 18:46:55.092956,21.170670164276057,66.03754883560066
2024-10-05 19:01:55.092956,21.42991682052836,53.64219566901578
2024-10-05 19:16:55.092956,27.61510631717472,55.46788085737751
2024-10-05 19:31:55.092956,26.18218063316261,54.6653974077076
2024-10-05 19:46:55.092956,21.011226761227903,60.005927726383135
2024-10-05 20:01:55.092956,20.841068061149976,44.18953764268939
2024-10-05 20:16:55.092956,27.0096913145912,40.89920769618034
2024-10-05 20:31:55.092956,20.727630063641936,49.23789824773573
2024-10-05 20:46:55.092956,28.218600592903563,61.1404228820994
2024-10-05 21:01:55.092956,27.062422271564962,46.05560356368845
2024-10-05 21:16:55.092956,20.813487806418998,60.202972999747516
2024-10-05 21:31:55.092956,20.84837714085192,69.09736138321811
2024-10-05 21:46:55.092956,29.866395785011754,42.81702147368255
2024-10-05 22:01:55.092956,23.7427079575612,60.17806354675379
2024-10-05 22:16:55.092956,23.706421470668907,53.312506579137136
2024-10-05 22:31:55.092956,28.127995672575025,66.04426763132517
2024-10-05 22:46:55.092956,29.472485773838585,45.314493683421574
2024-10-05 23:01:55.092956,29.860010638228708,60.778778566784936
2024-10-05 23:16:55.092956,27.533781852589417,65.1434586894433
2024-10-05 23:31:55.092956,23.762595855309158,68.3384265842207
2024-10-05 23:46:55.092956,20.83500716698669,60.49744084868938
2024-10-06 00:01:55.092956,27.771469159274368,54.91524292025282
2024-10-06 00:16:55.092956,25.58404249735805,58.53541720603641
2024-10-06 00:31:55.092956,24.242220092469765,66.06714953436155
2024-10-06 00:46:55.092956,29.06354385094736,57.118292399164886
2024-10-06 01:01:55.092956,21.111974823061512,40.911611790905106
2024-10-06 01:16:55.092956,24.92625104290859,67.92846086520933
2024-10-06 01:31:55.092956,20.11353644767419,60.68580253094683
2024-10-06 01:46:55.092956,24.686606419941263,60.29540157331739
2024-10-06 02:01:55.092956,20.563032756818373,46.47025457193151
2024-10-06 02:16:55.092956,21.18817916268072,59.766564106979715
2024-10-06 02:31:55.092956,21.17526246777105,51.81593216962476
2024-10-06 02:46:55.092956,26.492103021160638,59.53698931124477
2024-10-06 03:01:55.092956,27.460448792654233,43.19779090923972
2024-10-06 03:16:55.092956,25.833687650971598,59.735359138091084
2024-10-06 03:31:55.092956,29.62172548474542,69.98241177311999
2024-10-06 03:46:55.092956,23.74870579523704,41.44636116581668
2024-10-06 04:01:55.092956,22.857120862818608,69.31522552663952
2024-10-06 04:16:55.092956,28.6859912818946,52.20723882168612
2024-10-06 04:31:55.092956,22.235958385194525,66.12260351011777
2024-10-06 04:46:55.092956,29.632225394406113,63.471564521748206
2024-10-06 05:01:55.092956,20.121544746898163,57.01048782960004
2024-10-06 05:16:55.092956,29.698788267076388,62.153476277539795
2024-10-06 05:31:55.092956,20.431599119505762,66.35546683904043
2024-10-06 05:46:55.092956,28.91143113698071,52.12420964953099
2024-10-06 06:01:55.092956,25.277011090863,49.81099484689716
2024-10-06 06:16:55.092956,29.929647961193005,60.02780156690754
2024-10-06 06:31:55.092956,20.737965647353988,64.23537825823776
2024-10-06 06:46:55.092956,25.538542844013207,62.868554043298474
2024-10-06 07:01:55.092956,29.69302535619099,63.93440946575903
2024-10-06 07:16:55.092956,25.230978441701488,53.06749944438799
2024-10-06 07:31:55.092956,26.293986381352624,64.53502648525065
2024-10-06 07:46:55.092956,26.957486889846173,43.60627166111826
2024-10-06 08:01:55.092956,24.545410647677734,56.33467293882549
2024-10-06 08:16:55.092956,26.275580800840636,40.172759814943646
2024-10-06 08:31:55.092956,25.843143119231,49.73757489700811
2024-10-06 08:46:55.092956,29.01158010490989,50.99384604614194
2024-10-06 09:01:55.092956,20.45446380341458,51.88518074827766
2024-10-06 09:16:55.092956,22.8096318959223,60.864016200695865
2024-10-06 09:31:55.092956,29.504114840765588,51.65674303811037
2024-10-06 09:46:55.092956,28.902637838909165,53.46080867867592
2024-10-06 10:01:55.092956,24.55656752785713,47.12632392622982
2024-10-06 10:16:55.092956,26.20132597801537,51.1975537488802
2024-10-06 10:31:55.092956,22.773811829811326,46.81808881789455
2024-10-06 10:46:55.092956,21.881211597237613,42.19587771305331
2024-10-06 11:01:55.092956,24.63698404939982,58.10345780144134
2024-10-06 11:16:55.092956,23.533522280260527,60.04638395665049
2024-10-06 11:31:55.092956,25.83656111850872,58.584710380288435
2024-10-06 11:46:55.092956,20.777346369649848,53.90482131401717
2024-10-06 12:01:55.092956,29.743948076661667,51.3935734053769
2024-10-06 12:16:55.092956,29.86210744479603,65.90000948715476
2024-10-06 12:31:55.092956,26.98161714019745,55.57245355408654
2024-10-06 12:46:55.092956,25.360963663441204,54.37545632889193
2024-10-06 13:01:55.092956,23.09527616286328,40.76926197419307
2024-10-06 13:16:55.092956,28.137950197069486,50.23743482878469
2024-10-06 13:31:55.092956,26.847311725538795,51.40586856357571
2024-10-06 13:46:55.092956,21.62616939344891,51.964683426907015
2024-10-06 14:01:55.092956,29.109271844938426,57.40517107681997
2024-10-06 14:16:55.092956,28.22537242923169,56.00807640180635
2024-10-06 14:31:55.092956,29.49799913291924,58.23715278380334
2024-10-06 14:46:55.092956,27.2571950838836,62.94649784626385
2024-10-06 15:01:55.092956,26.1341519593579,64.3895721614828
2024-10-06 15:16:55.092956,24.18243036290619,61.54369228679484
2024-10-06 15:31:55.092956,29.327284833540133,68.66571087864804
2024-10-06 15:46:55.092956,28.660638895004084,40.54697748029085
2024-10-06 16:01:55.092956,20.452186701061894,45.87333957050638
2024-10-06 16:16:55.092956,20.26366974497252,40.22688624934426
2024-10-06 16:31:55.092956,23.764633668780498,59.42424142463809
2024-10-06 16:46:55.092956,28.105533307818327,66.94091646849961
2024-10-06 17:01:55.092956,29.872761293149445,47.30446889728898
2024-10-06 17:16:55.092956,21.504168911035283,67.8110363438892
2024-10-06 17:31:55.092956,25.94130715352135,41.80802170868682
2024-10-06 17:46:55.092956,23.808908566310215,68.03308080416542
2024-10-06 18:01:55.092956,29.699143978146033,50.548680617189035
2024-10-06 18:16:55.092956,28.421189231357086,43.0426248534765
2024-10-06 18:31:55.092956,28.38328704711138,54.57615277558977
2024-10-06 18:46:55.092956,24.6869315979497,47.703297031615236
2024-10-06 19:01:55.092956,24.14819502337665,48.54618705885768
2024-10-06 19:16:55.092956,22.734070719307063,49.218698947788596
2024-10-06 19:31:55.092956,20.563754966509272,64.0907769349799
2024-10-06 19:46:55.092956,28.64722376255053,56.17483830025763
2024-10-06 20:01:55.092956,28.129010091300778,49.339230974680106
2024-10-06 20:16:55.092956,29.997176732861305,58.31001349932755
2024-10-06 20:31:55.092956,29.966368370739055,61.48452022669581
2024-10-06 20:46:55.092956,25.554317056026274,48.17872002200601
2024-10-06 21:01:55.092956,27.689874151805107,52.40647304576055
2024-10-06 21:16:55.092956,29.447657298824282,43.656582800108424
2024-10-06 21:31:55.092956,28.496473906774114,45.43448048604041
2024-10-06 21:46:55.092956,22.473481017431975,60.433535618949485
2024-10-06 22:01:55.092956,24.505441353100935,45.44315043086881
2024-10-06 22:16:55.092956,21.29159415151495,55.754901510011805
2024-10-06 22:31:55.092956,29.540510272587223,61.27138785167298
2024-10-06 22:46:55.092956,26.0617463445088,43.206307692842316
2024-10-06 23:01:55.092956,22.286428055034627,57.01936658886711
2024-10-06 23:16:55.092956,26.717006844058567,47.69688351104091
2024-10-06 23:31:55.092956,26.18128240457896,68.8878062571274
2024-10-06 23:46:55.092956,23.581627180328404,54.50636940159774
2024-10-07 00:01:55.092956,21.135575921996292,64.17977649325474
2024-10-07 00:16:55.092956,26.715731955927996,56.50679626468785
2024-10-07 00:31:55.092956,25.203077009037933,41.302375985644574
2024-10-07 00:46:55.092956,27.723183917356394,58.99454126782067
2024-10-07 01:01:55.092956,25.201635011119933,68.54210026619971
2024-10-07 01:16:55.092956,28.521815003185402,58.048354604389935
2024-10-07 01:31:55.092956,25.519068387744856,64.57566578280371
2024-10-07 01:46:55.092956,25.609379715353864,66.52619390045223
2024-10-07 02:01:55.092956,28.766536026583452,46.84239315846797
2024-10-07 02:16:55.092956,24.03482866212397,46.3613451972468
2024-10-07 02:31:55.092956,21.340152284506406,58.32942966552975
2024-10-07 02:46:55.092956,20.28782676313339,52.33085409420114
2024-10-07 03:01:55.092956,27.55137255673619,65.19583908600161
2024-10-07 03:16:55.092956,26.20309551353465,67.00069370194034
2024-10-07 03:31:55.092956,27.040797680992235,50.60264137908155
2024-10-07 03:46:55.092956,22.129641615089106,47.10611676923446
2024-10-07 04:01:55.092956,21.363714755867697,63.41576545731586
2024-10-07 04:16:55.092956,20.145446656678818,48.244181066444085
2024-10-07 04:31:55.092956,23.50587558806597,64.67842955541035
2024-10-07 04:46:55.092956,25.89917686854633,52.71214760946289
2024-10-07 05:01:55.092956,23.92244045099732,60.02649697874411
2024-10-07 05:16:55.092956,24.37474922023729,42.86605941504005
2024-10-07 05:31:55.092956,29.041586944937485,58.715779740297194
2024-10-07 05:46:55.092956,23.482554670233004,53.55303036211687
2024-10-07 06:01:55.092956,25.139894891598107,57.59825389526422
2024-10-07 06:16:55.092956,27.83653012741143,45.0404262323459
2024-10-07 06:31:55.092956,23.9654278232127,62.106212348325464
2024-10-07 06:46:55.092956,26.220867002278734,65.88391232629685
2024-10-07 07:01:55.092956,28.62363708746745,46.50219400272327
2024-10-07 07:16:55.092956,29.495206236576422,42.871436665604854
2024-10-07 07:31:55.092956,21.47073480929038,40.709157581390095
2024-10-07 07:46:55.092956,29.265876251614944,59.25914501329798
2024-10-07 08:01:55.092956,24.921162930795383,58.212821082663424
2024-10-07 08:16:55.092956,22.582443882989583,56.4009223814221
2024-10-07 08:31:55.092956,24.591357562382612,46.95841288347926
2024-10-07 08:46:55.092956,29.80032575285477,51.72717987716544
2024-10-07 09:01:55.092956,24.926180939928695,57.83429005558519
2024-10-07 09:16:55.092956,23.28751610287508,54.90300576577508
2024-10-07 09:31:55.092956,26.334008543167258,69.63356560644662
2024-10-07 09:46:55.092956,22.401456187781932,44.093192576701995
2024-10-07 10:01:55.092956,20.758633281086638,60.85433662142781
2024-10-07 10:16:55.092956,21.288797219106492,52.12956304312876
2024-10-07 10:31:55.092956,21.280458389577724,52.84598844776844
2024-10-07 10:46:55.092956,21.519026935122945,61.52793296974529
2024-10-07 11:01:55.092956,21.3882717264941,60.77308453973109
2024-10-07 11:16:55.092956,26.408747448032145,69.73767981106565
2024-10-07 11:31:55.092956,21.818800843991447,43.85182868362376
2024-10-07 11:46:55.092956,23.45667283323863,43.12328948152499
2024-10-07 12:01:55.092956,28.967884099060118,61.730164513862235
2024-10-07 12:16:55.092956,24.739616402628723,57.351607510192274
2024-10-07 12:31:55.092956,26.67557738521027,48.224819996794174
2024-10-07 12:46:55.092956,21.7231987120163,42.3825810696696
2024-10-07 13:01:55.092956,21.922890188086708,42.56974748789292
2024-10-07 13:16:55.092956,20.40868616266479,66.82572623992354
2024-10-07 13:31:55.092956,21.689350630721645,45.756019741562284
2024-10-07 13:46:55.092956,22.785903390319586,49.701146863465624
2024-10-07 14:01:55.092956,21.770104842767466,46.79969206680964
2024-10-07 14:16:55.092956,20.887025337570556,50.64988917495812
2024-10-07 14:31:55.092956,21.206358711006008,42.0827152823828
2024-10-07 14:46:55.092956,24.607787680327256,55.57179372724811
2024-10-07 15:01:55.092956,22.063337184057925,42.02837690776645
2024-10-07 15:16:55.092956,23.642698610480753,64.01069523467085
2024-10-07 15:31:55.092956,25.034172708548567,47.01136245731299
2024-10-07 15:46:55.092956,26.903948286293655,56.20035743813531
2024-10-07 16:01:55.092956,20.39312139841099,66.40237262684374
2024-10-07 16:16:55.092956,27.994103989090426,59.52632107141582
2024-10-07 16:31:55.092956,26.279003894909078,55.98873359654006
2024-10-07 16:46:55.092956,20.81759031948872,49.73001259346127
2024-10-07 17:01:55.092956,28.73578624106777,49.990057391745935
2024-10-07 17:16:55.092956,29.208724005318132,60.0846086559457
2024-10-07 17:31:55.092956,20.61077959854864,69.82418083663502
2024-10-07 17:46:55.092956,22.768776481472038,59.85517569548136
2024-10-07 18:01:55.092956,28.062012797930613,56.733502521100746
2024-10-07 18:16:55.092956,27.482596903836583,61.919515307177384
2024-10-07 18:31:55.092956,21.845210193563773,53.95616836851154
2024-10-07 18:46:55.092956,22.093493233367102,41.80427027802356
2024-10-07 19:01:55.092956,23.70472102791382,56.86890447633729
2024-10-07 19:16:55.092956,24.84522985191021,68.7287585351614
2024-10-07 19:31:55.092956,26.18254771530296,45.25908827072979
2024-10-07 19:46:55.092956,23.689136395697723,60.70014672461997
2024-10-07 20:01:55.092956,24.62534716133148,46.028010659771695
2024-10-07 20:16:55.092956,27.474709381337565,56.07483053419244
2024-10-07 20:31:55.092956,20.36683202890598,42.90029348940159
2024-10-07 20:46:55.092956,22.524369443440207,53.511128087745554
2024-10-07 21:01:55.092956,27.133495858845524,62.68489986685738
2024-10-07 21:16:55.092956,28.952068376871992,50.42714572716946
2024-10-07 21:31:55.092956,25.116774421156663,59.94735173461654
2024-10-07 21:46:55.092956,25.321134852653156,63.86349882369188
2024-10-07 22:01:55.092956,21.07172011339776,67.81533458438358
2024-10-07 22:16:55.092956,24.474123668234547,47.039262455663604
2024-10-07 22:31:55.092956,25.32617266455023,51.97947747427924
2024-10-07 22:46:55.092956,22.424705036347298,44.57248039991252
2024-10-07 23:01:55.092956,22.69243230949381,69.77450506475125
2024-10-07 23:16:55.092956,23.772841631046226,67.81002903772887
2024-10-07 23:31:55.092956,20.200711977777264,56.19871390841679
2024-10-07 23:46:55.092956,23.220791655831782,65.26099883129264
2024-10-08 00:01:55.092956,22.114480069965445,55.628739318161266
2024-10-08 00:16:55.092956,23.274973521779145,58.70757064008279
2024-10-08 00:31:55.092956,21.19762131819251,42.6737329634805
2024-10-08 00:46:55.092956,28.90527280739895,62.65811261490424
2024-10-08 01:01:55.092956,25.935924535540487,43.831404509057045
2024-10-08 01:16:55.092956,26.791023191444896,64.78202890757585
2024-10-08 01:31:55.092956,27.891712386073383,63.46084263011158
2024-10-08 01:46:55.092956,24.984421989290574,61.26234093228929
2024-10-08 02:01:55.092956,20.869202880874237,41.08481141574286
2024-10-08 02:16:55.092956,25.371065418185477,49.09385067835986
2024-10-08 02:31:55.092956,25.868411180208792,47.893377097325285
2024-10-08 02:46:55.092956,27.454394741843302,50.80409222414557
2024-10-08 03:01:55.092956,24.316595462296796,42.62928240291516
2024-10-08 03:16:55.092956,21.27580302795564,68.10873469093188
2024-10-08 03:31:55.092956,22.837759057987245,56.614067221371286
2024-10-08 03:46:55.092956,23.63082296398635,49.165729319740706
2024-10-08 04:01:55.092956,26.45917241331601,51.9094455122285
2024-10-08 04:16:55.092956,25.70778304668912,53.41607621514507
2024-10-08 04:31:55.092956,23.56096725897846,58.01783000081852
2024-10-08 04:46:55.092956,29.865152487929798,55.470382830894934
2024-10-08 05:01:55.092956,26.05774819356887,67.58175919643253
2024-10-08 05:16:55.092956,22.372267917359945,54.90890448717491
2024-10-08 05:31:55.092956,21.017824726204037,69.76474044469938
2024-10-08 05:46:55.092956,21.52859139184332,65.54274873235288
2024-10-08 06:01:55.092956,22.459577283845082,46.255315430720074
2024-10-08 06:16:55.092956,21.60681373259556,67.91785643931749
2024-10-08 06:31:55.092956,21.865670240513058,43.490991936564285
2024-10-08 06:46:55.092956,22.850951686938473,64.52349125473575
2024-10-08 07:01:55.092956,21.733735952947548,51.41869880429741
2024-10-08 07:16:55.092956,28.967654246264253,66.33922961335209
2024-10-08 07:31:55.092956,20.80233745661642,66.04170070322351
2024-10-08 07:46:55.092956,25.245113895702545,64.17776200352864
2024-10-08 08:01:55.092956,24.103968269896615,63.70091308921184
2024-10-08 08:16:55.092956,29.823786169086063,49.14037417294122
2024-10-08 08:31:55.092956,21.120389021680523,42.42757849153757
2024-10-08 08:46:55.092956,23.978555990457416,52.08940536295484
2024-10-08 09:01:55.092956,29.694704332753687,45.20573544959526
2024-10-08 09:16:55.092956,28.655071258939802,60.848532667073854
2024-10-08 09:31:55.092956,28.170720709492798,50.38299179613357
2024-10-08 09:46:55.092956,22.5790282704494,69.26830602579744
2024-10-08 10:01:55.092956,21.70887587390066,59.22916232035996
2024-10-08 10:16:55.092956,26.686432199244308,64.67441690903082
2024-10-08 10:31:55.092956,29.293759891275858,43.97574018225545
2024-10-08 10:46:55.092956,25.5676289301393,65.86043446817868
2024-10-08 11:01:55.092956,25.716126894699,67.68271571540183
2024-10-08 11:16:55.092956,22.799790936602843,54.611857564568076
2024-10-08 11:31:55.092956,27.69492933191937,58.18758813252933
2024-10-08 11:46:55.092956,21.870437485575234,62.94429402708987
2024-10-08 12:01:55.092956,23.236792364042437,45.245158817812374
2024-10-08 12:16:55.092956,24.25436438616417,55.07698229390327
2024-10-08 12:31:55.092956,25.07610378684455,51.959890833169396
2024-10-08 12:46:55.092956,22.424097324150804,44.39121976486747
2024-10-08 13:01:55.092956,21.148368247392035,51.02603266874594
2024-10-08 13:16:55.092956,26.106200424416325,42.04516928156481
2024-10-08 13:31:55.092956,22.88630553240256,40.77435720848461
2024-10-08 13:46:55.092956,25.812382214226123,44.05498867464468
2024-10-08 14:01:55.092956,21.543627152742022,68.89345334767522
2024-10-08 14:16:55.092956,24.811401018548175,56.485886076850505
2024-10-08 14:31:55.092956,25.325894325515858,68.9746648345966
2024-10-08 14:46:55.092956,20.518235368224268,52.974936349903956
2024-10-08 15:01:55.092956,23.366042781939207,49.35448399255779
2024-10-08 15:16:55.092956,21.34414676938974,55.18425588520732
2024-10-08 15:31:55.092956,20.633749704727677,53.1853506589873
2024-10-08 15:46:55.092956,29.89960232389945,43.16994052785232
2024-10-08 16:01:55.092956,23.22353844974723,59.22478944070619
2024-10-08 16:16:55.092956,28.09874445854635,46.48114547528799
2024-10-08 16:31:55.092956,22.546406547637638,58.58763864693489
2024-10-08 16:46:55.092956,26.815027222239294,59.506032771944604
2024-10-08 17:01:55.092956,27.602278598896866,44.560745593859444
2024-10-08 17:16:55.092956,25.95638740607844,41.84048881332004
2024-10-08 17:31:55.092956,24.715761885501585,63.422847582053194
2024-10-08 17:46:55.092956,24.118409141472686,53.7940127130796
2024-10-08 18:01:55.092956,23.488682665429952,41.74491386516427
2024-10-08 18:16:55.092956,29.29529144247826,69.84598951509301
2024-10-08 18:31:55.092956,28.306194077877294,41.733416829891
2024-10-08 18:46:55.092956,29.650269106665128,60.8510568657566
2024-10-08 19:01:55.092956,21.242972234855447,69.5103677579024
2024-10-08 19:16:55.092956,27.308674752036442,47.17540312647777
2024-10-08 19:31:55.092956,29.38340456821038,44.267481060615886
2024-10-08 19:46:55.092956,21.812330661656603,43.641548182672864
2024-10-08 20:01:55.092956,20.664962673667773,49.09825442702787
2024-10-08 20:16:55.092956,27.41120649290059,43.0313743303194
2024-10-08 20:31:55.092956,25.74473113179912,60.76484025082396
2024-10-08 20:46:55.092956,28.41828776758272,41.86875394390188
2024-10-08 21:01:55.092956,21.397723766262896,55.28266384449369
2024-10-08 21:16:55.092956,27.952673118598902,69.9009056155893
2024-10-08 21:31:55.092956,22.016273200477446,64.41910808518057
2024-10-08 21:46:55.092956,21.636559428657044,58.45658314693033
2024-10-08 22:01:55.092956,21.64265797930993,49.18760862359835
2024-10-08 22:16:55.092956,28.14574720231382,58.716875088749156
2024-10-08 22:31:55.092956,26.651972206962,55.81124391734955
2024-10-08 22:46:55.092956,25.23065424769119,52.78250151671114
2024-10-08 23:01:55.092956,23.588304841235026,43.921311302205986
2024-10-08 23:16:55.092956,28.772005408131083,66.598126457214
2024-10-08 23:31:55.092956,23.924451074226354,53.493539464639674
2024-10-08 23:46:55.092956,28.16599439471577,45.83867535462295
2024-10-09 00:01:55.092956,24.391349085702185,51.03278052631869
2024-10-09 00:16:55.092956,23.769444294249077,52.42389257586781
2024-10-09 00:31:55.092956,24.626797856696065,64.82613686700623
2024-10-09 00:46:55.092956,23.01377874164142,62.00843141684206
2024-10-09 01:01:55.092956,27.47609380176251,63.07914680924019
2024-10-09 01:16:55.092956,25.027203900924793,40.33093793285941
2024-10-09 01:31:55.092956,22.322126951468174,52.48461994539284
2024-10-09 01:46:55.092956,28.995745732745682,54.44032454905971
2024-10-09 02:01:55.092956,23.838912213732115,40.5757683046917
2024-10-09 02:16:55.092956,25.435528611139887,47.79439626235103
2024-10-09 02:31:55.092956,29.06472110964547,62.80869469366405
2024-10-09 02:46:55.092956,26.24237995913992,44.113291171869975
2024-10-09 03:01:55.092956,21.16898040708364,56.059303943577746
2024-10-09 03:16:55.092956,29.398321236134752,46.45605616051712
2024-10-09 03:31:55.092956,26.27708053071418,40.3636232393168
2024-10-09 03:46:55.092956,23.34905614657086,47.23604372798624
2024-10-09 04:01:55.092956,21.392720726633872,69.2762126473016
2024-10-09 04:16:55.092956,27.94025189270296,64.04611335648968
2024-10-09 04:31:55.092956,26.200727559285134,68.787299329631
2024-10-09 04:46:55.092956,25.334610919763215,54.63562131779087
2024-10-09 05:01:55.092956,28.938925830509575,43.2920859603251
2024-10-09 05:16:55.092956,27.885972112245305,56.43878466921079
2024-10-09 05:31:55.092956,21.516748797327512,53.631320036798826
2024-10-09 05:46:55.092956,23.117220677955483,65.33071248218847
2024-10-09 06:01:55.092956,22.484891398144658,42.942477423527336
2024-10-09 06:16:55.092956,27.43946292572677,54.64723411065334
2024-10-09 06:31:55.092956,20.335324347357794,44.50145994081953
2024-10-09 06:46:55.092956,25.698896848713165,49.7402778067018
2024-10-09 07:01:55.092956,27.624586857406904,62.12071232163399
2024-10-09 07:16:55.092956,28.767656367617494,54.280543881063
2024-10-09 07:31:55.092956,23.420817487159074,51.27664855437308
2024-10-09 07:46:55.092956,28.21257304672013,51.83428835710106
2024-10-09 08:01:55.092956,21.106317369552073,53.7834030521796
2024-10-09 08:16:55.092956,28.46452291734518,63.55049631511171
2024-10-09 08:31:55.092956,21.274886623319823,66.76254066820704
2024-10-09 08:46:55.092956,23.972872905603673,68.66004059511785
2024-10-09 09:01:55.092956,27.972953657795536,63.60710158765885
2024-10-09 09:16:55.092956,21.49917427348774,49.46220687244038
2024-10-09 09:31:55.092956,22.292513952326416,60.64404118259627
2024-10-09 09:46:55.092956,27.222525683930662,53.128093721661756
2024-10-09 10:01:55.092956,27.200365365460744,47.640118661381536
2024-10-09 10:16:55.092956,26.411476328852974,65.22614738277768
2024-10-09 10:31:55.092956,26.939484444671002,41.15279046886975
2024-10-09 10:46:55.092956,25.427244433475963,67.0528597640627
2024-10-09 11:01:55.092956,22.517990589069527,53.84432393874202
2024-10-09 11:16:55.092956,23.456959935039194,59.11604430424841
2024-10-09 11:31:55.092956,21.815977168014257,59.780617666173484
2024-10-09 11:46:55.092956,29.084505613336283,66.85353222119609
2024-10-09 12:01:55.092956,25.833917947661206,59.10009046501622
2024-10-09 12:16:55.092956,24.0085141676364,58.41800754280185
2024-10-09 12:31:55.092956,24.62005803644133,41.9995612168207
2024-10-09 12:46:55.092956,29.472833396118155,55.552240658356126
2024-10-09 13:01:55.092956,21.533514031160802,44.50507002451125
2024-10-09 13:16:55.092956,25.862298320167973,62.12301306164457
2024-10-09 13:31:55.092956,25.05888678884466,55.36665762438024
2024-10-09 13:46:55.092956,26.11454235434648,60.4068333762506
2024-10-09 14:01:55.092956,20.181101838208406,41.25018701807153
2024-10-09 14:16:55.092956,28.721239089441514,42.54376048137409
2024-10-09 14:31:55.092956,29.32118282483612,61.48970164188047
2024-10-09 14:46:55.092956,25.65133183589209,42.1625300799602
2024-10-09 15:01:55.092956,26.966508238768924,42.13770183295776
2024-10-09 15:16:55.092956,29.224993811772958,40.36325425704662
2024-10-09 15:31:55.092956,27.072386343133985,68.6950419489844
2024-10-09 15:46:55.092956,21.525390429142615,62.12525078377021
2024-10-09 16:01:55.092956,25.762883601668133,50.597542255061924
2024-10-09 16:16:55.092956,26.06715046382856,48.89606743862966
2024-10-09 16:31:55.092956,24.24130671302386,50.49109689237549
2024-10-09 16:46:55.092956,27.364442356247228,63.239605935435456
2024-10-09 17:01:55.092956,29.343670147690148,59.84111833211243
2024-10-09 17:16:55.092956,29.255685129067764,45.55586703602404
2024-10-09 17:31:55.092956,24.508393714041322,45.22328006002253
2024-10-09 17:46:55.092956,21.132380458407553,42.95186949140192
2024-10-09 18:01:55.092956,29.848411989623344,59.80908159104014
2024-10-09 18:16:55.092956,28.38898086445934,62.93117986665208
2024-10-09 18:31:55.092956,21.24662681203267,47.95139284975012
2024-10-09 18:46:55.092956,29.208418826173723,40.628348830927386
2024-10-09 19:01:55.092956,28.698963620621285,42.46515002429282
2024-10-09 19:16:55.092956,25.188380571260723,69.03580104535092
2024-10-09 19:31:55.092956,25.912754357449295,48.86334332432261
2024-10-09 19:46:55.092956,23.990027038701303,63.076694435144006
2024-10-09 20:01:55.092956,20.547616388220312,58.73990706562792
2024-10-09 20:16:55.092956,23.35197241645901,51.458189189586875
2024-10-09 20:31:55.092956,28.028534485980114,46.17061786586665
2024-10-09 20:46:55.092956,20.046320230046028,43.64159254478219
2024-10-09 21:01:55.092956,23.334991716911443,58.450389041166
2024-10-09 21:16:55.092956,23.981686935909433,63.23901341913364
2024-10-09 21:31:55.092956,25.37395602937923,59.317127606233925
2024-10-09 21:46:55.092956,29.198556164127606,55.909063997474746
2024-10-09 22:01:55.092956,23.46345994365961,41.25853670294909
2024-10-09 22:16:55.092956,23.469532018962276,69.05466332783152
2024-10-09 22:31:55.092956,27.375012481097485,63.961425749637236
2024-10-09 22:46:55.092956,24.522179408898072,48.784661101028945
2024-10-09 23:01:55.092956,22.24604822939982,69.39910988076552
2024-10-09 23:16:55.092956,24.524395161326936,58.056447689089666
2024-10-09 23:31:55.092956,21.408570203798,57.472679746217395
2024-10-09 23:46:55.092956,21.763869865062233,62.44219538288596
2024-10-10 00:01:55.092956,24.9836777273948,64.35309364270412
2024-10-10 00:16:55.092956,24.18925449504548,59.69435821994508
2024-10-10 00:31:55.092956,29.148459010681,43.842872390986
2024-10-10 00:46:55.092956,23.62393899116633,50.14802517983495
2024-10-10 01:01:55.092956,25.805883502780436,67.8425092097815
2024-10-10 01:16:55.092956,26.322642879195303,46.73846835531556
2024-10-10 01:31:55.092956,20.130944565883336,51.1650107151254
2024-10-10 01:46:55.092956,26.635373720167106,52.96230648832588
2024-10-10 02:01:55.092956,21.780359668697514,53.18214969083357
2024-10-10 02:16:55.092956,29.61070317469455,58.38818747483576
2024-10-10 02:31:55.092956,21.48662727753113,68.29227513234123
2024-10-10 02:46:55.092956,24.14624123727024,47.220781354975145
2024-10-10 03:01:55.092956,20.85349668078644,43.64504128902754
2024-10-10 03:16:55.092956,29.96874251845947,45.92411469579812
2024-10-10 03:31:55.092956,25.021950103312427,66.60774700627809
2024-10-10 03:46:55.092956,25.953850173200436,59.37432437965618
2024-10-10 04:01:55.092956,20.670764773884276,48.57720367717481
2024-10-10 04:16:55.092956,27.49960470399178,64.47840816905853
2024-10-10 04:31:55.092956,22.099055930955856,65.84109989090308
2024-10-10 04:46:55.092956,28.980542894407137,65.39543016070834
2024-10-10 05:01:55.092956,22.05139640482007,67.56779600918664
2024-10-10 05:16:55.092956,21.906877206636665,47.56723060520085
2024-10-10 05:31:55.092956,20.365496678480948,62.65125786238835
2024-10-10 05:46:55.092956,24.720669451099994,53.8161849182242
2024-10-10 06:01:55.092956,25.648411332626164,65.25995658670185
2024-10-10 06:16:55.092956,20.657086394283525,61.85472031484839
2024-10-10 06:31:55.092956,27.755276166950104,63.293423394991734
2024-10-10 06:46:55.092956,24.532888347480277,59.68485513043214
2024-10-10 07:01:55.092956,25.2439026932758,45.3228630840912
2024-10-10 07:16:55.092956,24.40762746938228,56.350807566908145
2024-10-10 07:31:55.092956,24.00763060875326,69.54009218573525
2024-10-10 07:46:55.092956,25.596403313082178,68.12164199491357
2024-10-10 08:01:55.092956,21.552402459307125,41.29521207391035
2024-10-10 08:16:55.092956,21.81928130495271,44.944444471883116
2024-10-10 08:31:55.092956,28.617856210135173,43.951863203636854
2024-10-10 08:46:55.092956,29.461154621336327,61.779397299558866
2024-10-10 09:01:55.092956,23.73309316279753,64.53355989570835
2024-10-10 09:16:55.092956,22.70744673143554,46.40534098932016
2024-10-10 09:31:55.092956,26.439995432390155,55.17558078855487
2024-10-10 09:46:55.092956,24.087341710980965,65.221090840336
2024-10-10 10:01:55.092956,20.25386355660345,61.98404634298752
2024-10-10 10:16:55.092956,21.561525973661904,56.26711616475545
2024-10-10 10:31:55.092956,27.159722288473976,57.71043071376319
2024-10-10 10:46:55.092956,26.589239419101514,55.2508164074884
2024-10-10 11:01:55.092956,20.270959925034834,48.92645353956462
2024-10-10 11:16:55.092956,22.219721619329494,56.95065978577048
2024-10-10 11:31:55.092956,22.310747965880715,60.666559061502724
2024-10-10 11:46:55.092956,26.718927435987283,66.19968747582423
2024-10-10 12:01:55.092956,20.197105377543643,59.08874061937745
2024-10-10 12:16:55.092956,21.041085819845737,62.83364611129474
2024-10-10 12:31:55.092956,27.999160853731894,44.80214904863719
2024-10-10 12:46:55.092956,21.785446620543336,53.8467242325937
2024-10-10 13:01:55.092956,26.527461078518748,40.2799485948128
2024-10-10 13:16:55.092956,22.381827810467264,47.40036593564869
2024-10-10 13:31:55.092956,20.994413927593452,61.79385145339015
2024-10-10 13:46:55.092956,22.43172190999454,69.7542985404809
2024-10-10 14:01:55.092956,27.22266931855659,42.97534298761648
2024-10-10 14:16:55.092956,28.55696468106286,52.04482947583865
2024-10-10 14:31:55.092956,28.302198645669918,64.00212906097478
2024-10-10 14:46:55.092956,23.971835296184548,46.12106903886696
2024-10-10 15:01:55.092956,26.68085136570646,56.652548479068585
2024-10-10 15:16:55.092956,22.04984295415821,61.992138880890245
2024-10-10 15:31:55.092956,22.931477302610134,58.479563507805366
2024-10-10 15:46:55.092956,28.9633581852112,45.640742038462484
2024-10-10 16:01:55.092956,20.130019235107362,50.661537060572186
2024-10-10 16:16:55.092956,20.85508530854468,63.513753534561914
2024-10-10 16:31:55.092956,22.078862551460272,56.6267954239605
2024-10-10 16:46:55.092956,20.265322038738198,40.15688840628738
2024-10-10 17:01:55.092956,21.814354350897972,62.829722800842816
2024-10-10 17:16:55.092956,25.83041560969692,41.05934064820717
2024-10-10 17:31:55.092956,24.21424550592498,62.37201348193696
2024-10-10 17:46:55.092956,28.92671711076975,46.074416804957124
2024-10-10 18:01:55.092956,28.17443561738441,68.74220440358141
2024-10-10 18:16:55.092956,23.41817351697876,51.03822253906253
2024-10-10 18:31:55.092956,22.594234334312926,49.80794849014237
2024-10-10 18:46:55.092956,23.79692408167267,44.46664150997334
2024-10-10 19:01:55.092956,25.902949425148076,49.16812646470645
2024-10-10 19:16:55.092956,22.680636408228764,66.29952285484602
2024-10-10 19:31:55.092956,26.24148907849134,69.89003012881741
2024-10-10 19:46:55.092956,24.094116521912404,51.04928591520545
2024-10-10 20:01:55.092956,25.5204718085198,53.458318928636274
2024-10-10 20:16:55.092956,24.361265291353167,61.66212814608211
2024-10-10 20:31:55.092956,22.944657595419176,66.58587341395224
2024-10-10 20:46:55.092956,29.484533069621566,57.79133002560353
2024-10-10 21:01:55.092956,27.636057941597606,51.74577094533488
2024-10-10 21:16:55.092956,21.401131757664526,52.378655225458715
2024-10-10 21:31:55.092956,28.68467975897913,60.868544394904205
2024-10-10 21:46:55.092956,24.874311982495136,40.09654790812836
2024-10-10 22:01:55.092956,28.945522268940913,58.587680123795224
2024-10-10 22:16:55.092956,27.998552559473154,50.66479031324072
2024-10-10 22:31:55.092956,24.252135044692334,63.82591993831252
2024-10-10 22:46:55.092956,20.224693083201174,42.789719194693966
2024-10-10 23:01:55.092956,22.68677359384946,57.646068008451714
2024-10-10 23:16:55.092956,25.41634214660867,54.42918669658371
2024-10-10 23:31:55.092956,26.334782198261472,59.26976577715682
2024-10-10 23:46:55.092956,22.578876854332023,41.94560783448905
2024-10-11 00:01:55.092956,21.39356074072824,57.39951362284394
2024-10-11 00:16:55.092956,28.34930236799299,56.84453763878571
2024-10-11 00:31:55.092956,29.84402180703552,56.819802832485124
2024-10-11 00:46:55.092956,25.25690182302686,58.104629997893646
2024-10-11 01:01:55.092956,21.716792858483036,60.294038116790865
2024-10-11 01:16:55.092956,22.72307326519369,64.14966999042309
2024-10-11 01:31:55.092956,20.183906765474667,48.094621603846434
2024-10-11 01:46:55.092956,29.14298806560499,64.75148230540186
2024-10-11 02:01:55.092956,21.17751082890141,54.947670467903606
2024-10-11 02:16:55.092956,25.765164755142536,42.31174837402993
2024-10-11 02:31:55.092956,22.74055220687206,41.75652787731938
2024-10-11 02:46:55.092956,25.541780025157934,50.027149560881824
2024-10-11 03:01:55.092956,26.514203883518643,63.54690931334403
2024-10-11 03:16:55.092956,28.297418037072017,61.23042804222747
2024-10-11 03:31:55.092956,22.064212717606033,63.65844894017219
2024-10-11 03:46:55.092956,20.109958286584806,55.51807169324828
2024-10-11 04:01:55.092956,21.368856300688073,53.205969938664715
2024-10-11 04:16:55.092956,29.00018641848105,44.42357580118852
2024-10-11 04:31:55.092956,28.738900775625154,49.84578260827935
2024-10-11 04:46:55.092956,25.974131021703084,53.020580985216256
2024-10-11 05:01:55.092956,26.005168604336532,42.65801289038852
2024-10-11 05:16:55.092956,26.650366745462556,46.61835858133634
2024-10-11 05:31:55.092956,21.753712786234495,57.94675882191217
2024-10-11 05:46:55.092956,29.1441194592496,62.0698934271757
2024-10-11 06:01:55.092956,24.187705248920732,69.95042534178849
2024-10-11 06:16:55.092956,23.831385282494974,67.99339994030673
2024-10-11 06:31:55.092956,25.189177052828377,59.27695598605575
2024-10-11 06:46:55.092956,20.469659667750552,52.637441598822164
2024-10-11 07:01:55.092956,21.662833687560795,59.08532094124698
2024-10-11 07:16:55.092956,27.380336164263703,63.56954854240696
2024-10-11 07:31:55.092956,20.827986679251264,43.55008572770162
2024-10-11 07:46:55.092956,26.03152109466388,52.297146690888646
2024-10-11 08:01:55.092956,22.45349109681321,65.19406856906852
2024-10-11 08:16:55.092956,23.892956140419766,51.514988557991316
2024-10-11 08:31:55.092956,22.886937367707,57.156168136815594
2024-10-11 08:46:55.092956,23.55672716464949,57.633080825865946
2024-10-11 09:01:55.092956,27.190459051842453,45.53428759400918
2024-10-11 09:16:55.092956,22.971217156231752,50.86706324956865
2024-10-11 09:31:55.092956,25.66404640296897,50.03533866225796
2024-10-11 09:46:55.092956,24.760504021990997,40.785901255961946
2024-10-11 10:01:55.092956,26.63671165362648,40.72575291674066
2024-10-11 10:16:55.092956,29.36829739324758,64.9509113102732
2024-10-11 10:31:55.092956,27.325720972102502,48.19212429918437
2024-10-11 10:46:55.092956,22.149403785907566,55.542362987164466
2024-10-11 11:01:55.092956,20.311831350612845,48.96176720766319
2024-10-11 11:16:55.092956,22.62264044299825,68.22037735346021
2024-10-11 11:31:55.092956,25.95077930700255,47.778902765973214
2024-10-11 11:46:55.092956,20.514258134842503,52.88970438216805
2024-10-11 12:01:55.092956,24.963662472012363,66.18190751453805
2024-10-11 12:16:55.092956,25.968428489168893,65.25800700375426
2024-10-11 12:31:55.092956,23.34243890816961,45.583042535388316
2024-10-11 12:46:55.092956,27.70912203745822,64.07929929387132
2024-10-11 13:01:55.092956,21.065982531337717,53.74560660213678
2024-10-11 13:16:55.092956,20.751377817358087,54.489066162560654
2024-10-11 13:31:55.092956,27.281887562036033,44.004399172478315
2024-10-11 13:46:55.092956,24.954913162061985,42.41804541271374
2024-10-11 14:01:55.092956,26.88402396427736,61.83817920921295
2024-10-11 14:16:55.092956,24.348273386037462,54.893834570658996
2024-10-11 14:31:55.092956,22.46402033239107,53.10552107845538
2024-10-11 14:46:55.092956,28.191023176741997,61.8852468595719
2024-10-11 15:01:55.092956,27.99415878968979,62.96538696973329
2024-10-11 15:16:55.092956,26.946964708544268,44.76724503008061
2024-10-11 15:31:55.092956,22.721451372299626,58.30675448432924
2024-10-11 15:46:55.092956,25.90230666869087,44.060622468330564
2024-10-11 16:01:55.092956,23.60973896940027,62.54125258087137
2024-10-11 16:16:55.092956,20.91582073326634,59.708654688014185
2024-10-11 16:31:55.092956,29.17313575462243,68.69843863250374
2024-10-11 16:46:55.092956,21.368186309189614,42.06874049069263
2024-10-11 17:01:55.092956,29.502373538208026,41.71164163453763
2024-10-11 17:16:55.092956,24.460057729579557,48.465612240796005
2024-10-11 17:31:55.092956,21.851329288386196,47.851170512077175
2024-10-11 17:46:55.092956,25.419009473783582,47.409363972159994
2024-10-11 18:01:55.092956,28.729458358764084,67.1876374156311
2024-10-11 18:16:55.092956,27.322248864095613,47.48638599548518
2024-10-11 18:31:55.092956,28.0656114786145,48.15849178385893
2024-10-11 18:46:55.092956,26.587833667107173,62.78194787253891
2024-10-11 19:01:55.092956,26.922765645178526,53.4921952735162
2024-10-11 19:16:55.092956,28.491956515653193,63.301316708655435
2024-10-11 19:31:55.092956,22.49668008859186,41.96098472693156
2024-10-11 19:46:55.092956,24.894249636431404,54.62713581020153
2024-10-11 20:01:55.092956,22.212094418196024,41.00840800549848
2024-10-11 20:16:55.092956,29.87668007996647,41.87959610366064
2024-10-11 20:31:55.092956,29.440593396866134,67.19312360033233
2024-10-11 20:46:55.092956,20.394268113685058,44.17736113352785
2024-10-11 21:01:55.092956,27.055751725156885,55.972620468256515
2024-10-11 21:16:55.092956,29.25248317415666,52.33286807802119
2024-10-11 21:31:55.092956,21.805753451273336,50.42029978776528
2024-10-11 21:46:55.092956,25.679452305526294,66.99500037061817
2024-10-11 22:01:55.092956,29.15488297588042,40.65470190326469
2024-10-11 22:16:55.092956,20.33945978585799,59.91369058526767
2024-10-11 22:31:55.092956,26.9742026724684,68.9018330264065
2024-10-11 22:46:55.092956,22.973490073725507,56.805045503855254
2024-10-11 23:01:55.092956,29.243961953765304,68.10467386099276
2024-10-11 23:16:55.092956,29.71058245165368,41.56773637858071
2024-10-11 23:31:55.092956,29.44266489113434,52.56379957222484
2024-10-11 23:46:55.092956,24.742142166574638,47.804733728861535
2024-10-12 00:01:55.092956,28.620426509893136,61.924628949421894
2024-10-12 00:16:55.092956,28.4454939853507,69.4389127149174
2024-10-12 00:31:55.092956,23.191004732432557,47.695901873327436
2024-10-12 00:46:55.092956,28.289154741506774,59.62523804422223
2024-10-12 01:01:55.092956,20.370076347154928,45.9429289827922
2024-10-12 01:16:55.092956,25.96269878482053,56.9599076371483
2024-10-12 01:31:55.092956,22.30008837287703,53.91797460065008
2024-10-12 01:46:55.092956,21.20566885777279,69.16015988894611
2024-10-12 02:01:55.092956,20.769532016292093,58.255818180893996
2024-10-12 02:16:55.092956,26.9628877587814,50.485191162604565
2024-10-12 02:31:55.092956,23.398749637680663,43.422873546638
2024-10-12 02:46:55.092956,27.247667715287616,44.537404862048035
2024-10-12 03:01:55.092956,20.653563407989424,46.75950789853705
2024-10-12 03:16:55.092956,23.152903378306103,47.52899984020894
2024-10-12 03:31:55.092956,25.394912923753374,65.51848173523413
2024-10-12 03:46:55.092956,27.907231648389637,56.83668364847575
2024-10-12 04:01:55.092956,23.1875250293207,55.70172734123099
2024-10-12 04:16:55.092956,26.258913764370092,43.443066156076526
2024-10-12 04:31:55.092956,28.85977748236187,65.80419080048304
2024-10-12 04:46:55.092956,26.158631881823045,61.68442909625451
2024-10-12 05:01:55.092956,22.329594747536337,42.03005085700005
2024-10-12 05:16:55.092956,20.24400781556538,61.23505291689306
2024-10-12 05:31:55.092956,28.700988739009297,56.306146520279384
2024-10-12 05:46:55.092956,20.21269410850387,42.45176037240335
2024-10-12 06:01:55.092956,28.747016726841995,53.74901924585969
2024-10-12 06:16:55.092956,25.28937134027212,54.54088861390141
2024-10-12 06:31:55.092956,29.390676985128962,44.97323620489827
2024-10-12 06:46:55.092956,27.987832357736654,68.37094441000846
2024-10-12 07:01:55.092956,29.979341105333376,65.49926114441986
2024-10-12 07:16:55.092956,23.5071181545171,60.07067011987325
2024-10-12 07:31:55.092956,27.67188288931127,53.86886683001822
2024-10-12 07:46:55.092956,24.01930913609242,52.35296624753526
2024-10-12 08:01:55.092956,24.79875620303909,59.529204014528624
2024-10-12 08:16:55.092956,26.2750546321837,56.36295608220716
2024-10-12 08:31:55.092956,28.736771141863386,41.86819317645657
2024-10-12 08:46:55.092956,29.840834691992953,55.375079463109955
2024-10-12 09:01:55.092956,27.68273413864518,64.19210851698519
2024-10-12 09:16:55.092956,24.17766782167334,53.77719632790874
2024-10-12 09:31:55.092956,24.213570022770703,41.55869732662805
2024-10-12 09:46:55.092956,27.375823015888916,63.588345981520995
2024-10-12 10:01:55.092956,22.387771457683023,46.04091346407923
2024-10-12 10:16:55.092956,21.104741131313947,47.758625046641164
2024-10-12 10:31:55.092956,23.546221576407767,44.941190602968874
2024-10-12 10:46:55.092956,22.87238991654082,49.90645194614493
2024-10-12 11:01:55.092956,22.963081204559902,62.70254517065905
2024-10-12 11:16:55.092956,22.3360775104991,55.58157578511812
2024-10-12 11:31:55.092956,20.42093189636362,46.146438224521376
2024-10-12 11:46:55.092956,20.178739347334137,66.33490234456123
2024-10-12 12:01:55.092956,29.877223897360317,66.38745564854588
2024-10-12 12:16:55.092956,24.277731337358624,66.11735275138021
2024-10-12 12:31:55.092956,23.843266471596817,47.16388634144618
2024-10-12 12:46:55.092956,26.7964728269307,53.537180325429645
2024-10-12 13:01:55.092956,22.182538878650643,69.54968968422625
2024-10-12 13:16:55.092956,29.499611839502254,63.16037428929971
2024-10-12 13:31:55.092956,27.86345014415552,40.81502263676679
2024-10-12 13:46:55.092956,20.894110023122597,41.956137737814764
2024-10-12 14:01:55.092956,24.175807757849284,53.91794130436998
2024-10-12 14:16:55.092956,28.791183075621646,67.27660617584681
2024-10-12 14:31:55.092956,29.4473202229141,56.161053938581425
2024-10-12 14:46:55.092956,24.674015112498697,54.934375241028704
2024-10-12 15:01:55.092956,26.134113892107077,43.16421099869892
2024-10-12 15:16:55.092956,21.67033946092075,59.70340314172882
2024-10-12 15:31:55.092956,29.911686261369766,64.66309481800677
2024-10-12 15:46:55.092956,22.316717013834435,51.41260022522687
2024-10-12 16:01:55.092956,29.427317741351256,63.26835552775982
2024-10-12 16:16:55.092956,26.496466489923684,68.93429961702435
2024-10-12 16:31:55.092956,26.07736794878859,46.112993773830674
2024-10-12 16:46:55.092956,25.126885110165084,55.69988893584224
2024-10-12 17:01:55.092956,22.306698117177586,48.614138742537264
2024-10-12 17:16:55.092956,21.765280320055084,63.785632571015185
2024-10-12 17:31:55.092956,22.204862090701752,57.32780097643473
2024-10-12 17:46:55.092956,21.864382621442545,59.03747252650911
2024-10-12 18:01:55.092956,27.795844735667533,63.93742478847682
2024-10-12 18:16:55.092956,23.501252591667303,51.879114179873646
2024-10-12 18:31:55.092956,20.578426765633964,67.4527020522113
2024-10-12 18:46:55.092956,29.691026301408115,55.9908660173842
2024-10-12 19:01:55.092956,28.83785884963426,44.73864468506044
2024-10-12 19:16:55.092956,29.27752283195213,60.876973545064075
2024-10-12 19:31:55.092956,29.94907822646435,63.797840513147634
2024-10-12 19:46:55.092956,21.738952492194873,49.5028503120258
2024-10-12 20:01:55.092956,23.962420189026588,65.71537770996258
2024-10-12 20:16:55.092956,27.582384757040913,67.184297642973
2024-10-12 20:31:55.092956,26.960206180537924,48.30713462133427
2024-10-12 20:46:55.092956,21.53895906339855,69.50564418145666
2024-10-12 21:01:55.092956,28.158331249906176,44.22134584146275
2024-10-12 21:16:55.092956,22.244405718366608,46.0604700520747
2024-10-12 21:31:55.092956,22.23817614822623,45.52674517714078
2024-10-12 21:46:55.092956,25.369744228934135,66.81969130023612
2024-10-12 22:01:55.092956,25.929399348417032,59.62877656974885
2024-10-12 22:16:55.092956,25.80086207837811,44.563128496668185
2024-10-12 22:31:55.092956,20.914868373977548,53.20970255105047
2024-10-12 22:46:55.092956,28.774608626303802,58.458940752094065
2024-10-12 23:01:55.092956,22.65600042588706,42.5039225496815
2024-10-12 23:16:55.092956,21.295149212828044,66.47249105222016
2024-10-12 23:31:55.092956,28.887480798689772,64.10810606324605
2024-10-12 23:46:55.092956,29.556514982297536,55.15620320729914
2024-10-13 00:01:55.092956,28.621276172654504,69.01379845777511
2024-10-13 00:16:55.092956,28.09516074724878,52.53282937825299
2024-10-13 00:31:55.092956,26.55241980639022,69.52330957109493
2024-10-13 00:46:55.092956,25.508573706091394,60.03759996410881
2024-10-13 01:01:55.092956,20.8698675991141,59.04013819761825
2024-10-13 01:16:55.092956,24.084532130706986,44.978646858873546
2024-10-13 01:31:55.092956,23.72688517012314,66.45783274913933
2024-10-13 01:46:55.092956,22.597537837603262,52.82469063761845
2024-10-13 02:01:55.092956,27.23420113688585,44.86700217347438
2024-10-13 02:16:55.092956,24.958757350787707,40.378225599272774
2024-10-13 02:31:55.092956,20.81046215907648,56.79267050915148
2024-10-13 02:46:55.092956,22.201832019498113,55.82198866368029
2024-10-13 03:01:55.092956,26.83258763659596,61.580608671074756
2024-10-13 03:16:55.092956,20.761308594903003,66.70774159053406
2024-10-13 03:31:55.092956,28.51206914048769,42.382197539290885
2024-10-13 03:46:55.092956,24.951465270139742,61.944894710210875
2024-10-13 04:01:55.092956,24.80586577326648,45.62235832292747
2024-10-13 04:16:55.092956,25.924077846595175,65.74531159471492
2024-10-13 04:31:55.092956,28.24680965925149,64.57190541584968
2024-10-13 04:46:55.092956,23.47809207902193,56.22381264956633
2024-10-13 05:01:55.092956,26.780161525590636,61.307283958699344
2024-10-13 05:16:55.092956,25.65731963995791,49.43050339551245
2024-10-13 05:31:55.092956,22.670282701694212,54.13503696798444
2024-10-13 05:46:55.092956,28.78629986355158,64.64910693131415
2024-10-13 06:01:55.092956,27.974260216069283,53.777955915196415
2024-10-13 06:16:55.092956,26.584518346584254,50.733947959763256
2024-10-13 06:31:55.092956,28.505817290942417,54.826373417509
2024-10-13 06:46:55.092956,28.672942009598025,64.84747757311655
2024-10-13 07:01:55.092956,27.08362976715035,50.05624142112618
2024-10-13 07:16:55.092956,28.37013328363672,45.21284779407232
2024-10-13 07:31:55.092956,26.974714616692836,61.36042060992342
2024-10-13 07:46:55.092956,26.801407717603006,64.77934638124245
2024-10-13 08:01:55.092956,26.186113782151843,43.019124355706
2024-10-13 08:16:55.092956,27.527166395576412,47.19622338267834
2024-10-13 08:31:55.092956,21.58605105293074,44.25915969282982
2024-10-13 08:46:55.092956,28.808707591989283,50.438242347465
2024-10-13 09:01:55.092956,28.718435277452322,53.51052936716238
2024-10-13 09:16:55.092956,20.29247283034559,62.464790108899194
2024-10-13 09:31:55.092956,28.258167505647627,59.534427546450225
2024-10-13 09:46:55.092956,21.28869867473445,58.627857024352934
2024-10-13 10:01:55.092956,23.35118854259142,50.57124839828963
2024-10-13 10:16:55.092956,27.43508256291608,65.24342659254279
2024-10-13 10:31:55.092956,21.60759896048308,54.138615021944936
2024-10-13 10:46:55.092956,28.17967024119062,69.37314814045463
2024-10-13 11:01:55.092956,28.32134177957742,59.024264148872106
2024-10-13 11:16:55.092956,25.074677337608364,43.78794224693508
2024-10-13 11:31:55.092956,20.063858717168337,60.28532686226302
2024-10-13 11:46:55.092956,22.87038133174913,49.75312046295097
2024-10-13 12:01:55.092956,26.16926918375742,60.58981590058292
2024-10-13 12:16:55.092956,29.811861780274235,42.089234444872176
2024-10-13 12:31:55.092956,26.318135270166685,45.24644311527878
2024-10-13 12:46:55.092956,22.598035810641598,65.67211776717359
2024-10-13 13:01:55.092956,26.340057030996114,46.81538671070545
2024-10-13 13:16:55.092956,25.399853797158556,65.1112337572882
2024-10-13 13:31:55.092956,27.798453951511437,48.37828265363231
2024-10-13 13:46:55.092956,21.069806388269583,59.28645730176123
2024-10-13 14:01:55.092956,27.61027902502028,60.82451720529493
2024-10-13 14:16:55.092956,25.412665786761103,55.37964259435159
2024-10-13 14:31:55.092956,29.629920038589944,49.15932030090194
2024-10-13 14:46:55.092956,23.41872166038686,46.379331291132885
2024-10-13 15:01:55.092956,26.326218931339483,40.995680636872784
2024-10-13 15:16:55.092956,29.320281055100175,49.11839203722171
2024-10-13 15:31:55.092956,21.02509727990679,59.594883715938494
2024-10-13 15:46:55.092956,29.37228487236451,68.14914455345448
2024-10-13 16:01:55.092956,26.878857223008133,66.13613446789157
2024-10-13 16:16:55.092956,20.67837059105172,62.98194329605908
2024-10-13 16:31:55.092956,23.009635669468164,63.653420297598956
2024-10-13 16:46:55.092956,27.081720886452814,59.94954710427986
2024-10-13 17:01:55.092956,20.673506014687717,47.80860572698009
2024-10-13 17:16:55.092956,25.821704601762733,67.21585092117489
2024-10-13 17:31:55.092956,23.458830569529567,60.12196935717502
2024-10-13 17:46:55.092956,26.20915517767477,56.813218929413196
2024-10-13 18:01:55.092956,20.45742033812513,43.32968407640443
2024-10-13 18:16:55.092956,28.715368061523762,53.411666314192765
2024-10-13 18:31:55.092956,29.73488969177397,53.81074813605779
2024-10-13 18:46:55.092956,29.688778552856917,65.9369082856801
2024-10-13 19:01:55.092956,27.49651831742925,56.399446605633656
2024-10-13 19:16:55.092956,21.30086240130632,51.41201646911229
2024-10-13 19:16:55.092956,21.30086240130632,41.41201646911229